<?xml version="1.0" encoding="UTF-8"?>

<beans xmlns="http://www.springframework.org/schema/beans"
	   xmlns:xsi="http://www.w3.org/2001/XMLSchema-instance"
	   xmlns:util="http://www.springframework.org/schema/util"
	   xsi:schemaLocation="http://www.springframework.org/schema/beans
		http://www.springframework.org/schema/beans/spring-beans.xsd
		http://www.springframework.org/schema/util
		http://www.springframework.org/schema/util/spring-util.xsd">


	<bean name="productPageController" class="com.bazaarvoice.hybris.controllers.pages.ProductPageController"/>

	<bean class="org.springframework.web.servlet.handler.SimpleUrlHandlerMapping">
		<property name="mappings">
			<props>
				<prop key="/**/p">productPageController</prop>
			</props>
		</property>
	</bean>


	<bean name="checkoutController" class="com.bazaarvoice.hybris.controllers.pages.CheckoutController"/>

	<bean class="org.springframework.web.servlet.handler.SimpleUrlHandlerMapping">
		<property name="mappings">
			<props>
				<prop key="/checkout">checkoutController</prop>
			</props>
		</property>
	</bean>


	<bean name="bVSubmissionContainerController" class="com.bazaarvoice.hybris.controllers.pages.BVSubmissionContainerController"/>

</beans>

