<?xml version="1.0" encoding="UTF-8"?>
<!-- [y] hybris Platform Copyright (c) 2000-2013 hybris AG All rights reserved. 
	This software is the confidential and proprietary information of hybris ("Confidential 
	Information"). You shall not disclose such Confidential Information and shall 
	use it only in accordance with the terms of the license agreement you entered 
	into with hybris. -->

<beans xmlns="http://www.springframework.org/schema/beans"
	xmlns:xsi="http://www.w3.org/2001/XMLSchema-instance" xmlns:aop="http://www.springframework.org/schema/aop"
	xmlns:context="http://www.springframework.org/schema/context"
	xsi:schemaLocation="http://www.springframework.org/schema/beans
           http://www.springframework.org/schema/beans/spring-beans-3.1.xsd
           http://www.springframework.org/schema/aop
           http://www.springframework.org/schema/aop/spring-aop-3.1.xsd
 		   http://www.springframework.org/schema/context
           http://www.springframework.org/schema/context/spring-context-3.0.xsd">

	<context:component-scan base-package="com.bazaarvoice.hybris com.bazaarvoice.hybris.cronjob"
		scope-resolver="de.hybris.platform.spring.IgnoreTenantScopeMetadataResolver" />

	<bean id="bvLocaleValidatorInterceptor" class="com.bazaarvoice.hybris.constraints.CMSSiteBVValidateInterceptor" autowire="byName" />

	<bean id="bvLocaleValidatorInterceptorMapping"
	      class="de.hybris.platform.servicelayer.interceptor.impl.InterceptorMapping">
		<property name="interceptor" ref="bvLocaleValidatorInterceptor"/>
		<property name="typeCode" value="CMSSite"/>
	</bean>

	<!-- <bean id="bazaarvoiceComponentRenderer"
		class="com.bazaarvoice.hybris.component.renderer.BazaarvoiceComponentRenderer">
		<property name="typeService" ref="typeService" />
		<property name="uiExperienceService" ref="defaultUiExperienceService" />
		<property name="cmsComponentService" ref="cmsComponentService" />
		<property name="modelService" ref="modelService" />
	</bean> -->
	
	<!-- The hybris platform provides one single Spring application context 
		for beans located at the jalo layer. Each extension can add beans to this 
		context by specifying them at this configuration file. You can use and/or 
		redefine beans defined at configuration files of other extensions as well 
		as adding new one. If you want to locate this file at a different location 
		or want to use several files for better, structuring, please use the '<yourextension>.application-context' 
		property at your project.properties file. There you can specify a comma separated 
		list of files where first is tried to find a file per classpath and then 
		per file system. Please be aware of the special 'tenant' scope. If you have 
		a multi tenant system you mostly have to use this scope instead of the default 
		Spring 'singleton' scope. If you want to configure beans for your web module 
		please have a look at your web/webroot/WEB-INF/<extname>-web-spring.xml. -->

	<!-- Example how to override a manager -->
	<!-- <bean id="core.productManager" class="bazaarvoice.jalo.BazaarvoiceProductManager" 
		init-method="init" destroy-method="destroy" scope="tenant" /> -->


	<!-- Example how to configure the class to use for jalo session creation -->
	<!-- <bean id="jalosession" class="de.hybris.platform.jalo.JaloSessionFactory"> 
		<property name="targetClassName" value="bazaarvoice.jalo.BazaarvoiceJaloSession"/> 
		</bean> -->


	<!-- Example how to override an item -->
	<!-- <bean id="de.hybris.platform.jalo.product.Product" class="bazaarvoice.jalo.BazaarvoiceProduct" 
		scope="prototype" /> -->

	<!-- Example how to register and use an AOP aspect Also see http://static.springframework.org/spring/docs/2.5.x/reference/aop.html -->

	<!-- <bean id="bazaarvoiceProfBean" class="bazaarvoice.aop.BazaarvoiceProfilingAspect"/> 
		<aop:config proxy-target-class="true"> <aop:aspect id="bazaarvoiceProfAspect" 
		ref="bazaarvoiceProfBean" > <aop:pointcut id="profiledMethods" expression="execution(* 
		getModificationTime(..))" /> <aop:around pointcut-ref="profiledMethods" method="profile" 
		/> </aop:aspect> </aop:config> -->


	<!-- some other examples of a pointcut that matches everything: <aop:pointcut 
		id="profiledMethods" expression="bean(de.hybris.platform.jalo.user.Customer) 
		&amp;&amp; !execution(* getPK(..))" /> <aop:pointcut id="profiledMethods" 
		expression="execution(* *(..))" /> -->



</beans>
