<?xml version="1.0" encoding="UTF-8" standalone="no"?>
<!-- [y] hybris Platform Copyright (c) 2000-2013 hybris AG All rights reserved. 
	This software is the confidential and proprietary information of hybris ("Confidential 
	Information"). You shall not disclose such Confidential Information and shall 
	use it only in accordance with the terms of the license agreement you entered 
	into with hybris. -->
<extensioninfo xmlns:xsi="http://www.w3.org/2001/XMLSchema-instance"
	xsi:noNamespaceSchemaLocation="extensioninfo.xsd">

	<extension abstractclassprefix="Generated" classprefix="Bazaarvoice"
		description="bazaarvoice extension" managername="BazaarvoiceManager"
		managersuperclass="de.hybris.platform.jalo.extension.Extension" name="bazaarvoice">

		<!-- you should add all required extensions to this list, except platform 
			extensions which are automatically required -->
		<!-- <requires-extension name="cms"/> -->
		<requires-extension name="cms2" />
		<requires-extension name="addonsupport" />
		<requires-extension name="basecommerce" />
		<requires-extension name="acceleratorservices" />
		<coremodule generated="true"
			manager="com.bazaarvoice.hybris.jalo.BazaarvoiceManager" packageroot="com.bazaarvoice.hybris" />

		<webmodule jspcompile="false" webroot="/bazaarvoice" />

	</extension>
</extensioninfo>
