<?xml version="1.0" encoding="ISO-8859-1"?>
<!--
 [y] hybris Platform

 Copyright (c) 2017 SAP SE or an SAP affiliate company.  All rights reserved.

 This software is the confidential and proprietary information of SAP
 ("Confidential Information"). You shall not disclose such Confidential
 Information and shall use it only in accordance with the terms of the
 license agreement you entered into with SAP.
-->
<!--
	ATTENTION: This is just an example file. You have to edit it according to your needs.
-->

<beans xmlns:xsi="http://www.w3.org/2001/XMLSchema-instance" xsi:noNamespaceSchemaLocation="beans.xsd">

	<!--
		Example Data POJO
	
	<bean class="com.arvato.avalara.data.AbstractPojo" abstract="true">
		<property name="id" type="String"/>
		<property name="flag" type="boolean"/>
	</bean>

	<bean class="com.arvato.avalara.data.MyPojo" extends="com.arvato.avalara.data.AbstractPojo">
		<property name="message" type="String"/>
	</bean>

	<bean class="com.arvato.avalara.data.AnnotatedPojo">

		<import type="javax.xml.bind.annotation.XmlRootElement"/>
		<import type="javax.xml.bind.annotation.XmlElements"/>
		<import type="javax.xml.bind.annotation.XmlElement"/>

		<annotations>@XmlRootElement</annotations>
		
		<property name="someText" type="String">

			<annotations scope="getter">
			@XmlElements(value = {
					@XmlElement(name="map",
						type=ValueAsMap.class),
					@XmlElement(name="string",
						type=ValueAsString.class)
			})
			</annotations>

		</property>

	</bean>

    <bean  class="de.hybris.platform.catalog.data.Equals1">
    	<property name="a1" type="boolean" equals="true"/>
    	<property name="a2" type="int" equals="true"/>
    	<property name="a3" type="String" equals="true"/>
    	<property name="a4" type="de.hybris.platform.catalog.data.AbstractValue" equals="true"/>
    	<property name="not4Equals" type="java.lang.Double"/>
    </bean>

    <bean class="de.hybris.platform.catalog.data.Equals2" extends="de.hybris.platform.catalog.data.Equals1" superEquals="true">
    	<property name="a5" type="java.lang.Integer" equals="true"/>
    	<property name="a6" type="java.util.List" equals="true"/>
    	<property name="not4Equals" type="java.lang.Double"/>
    </bean>

	-->

</beans>
